model,mae,rmse,mape
prophet,573.6090415649436,754.5382167646354,1149.5795988169737
arima,606.8251315969737,800.2103200810171,
